"","Curso","Ano","tot","A0","L01","L02","L05","L06","L09","L10","L13","L14"
"1","ADMINISTRACAO","SISU2013",513,367,38,44,40,24,NA,NA,NA,NA
"2","ADMINISTRACAO","SISU2014",467,290,41,63,37,36,NA,NA,NA,NA
"3","ADMINISTRACAO","SISU2015",577,282,66,112,56,61,NA,NA,NA,NA
"4","ADMINISTRACAO","SISU2016",545,254,62,98,48,83,NA,NA,NA,NA
"5","ADMINISTRACAO","SISU2017",480,208,63,87,42,80,NA,NA,NA,NA
"6","ADMINISTRACAO","SISU2018",437,184,56,68,51,64,4,2,4,4
"7","ADMINISTRACAO","SISU2019",352,133,51,73,47,40,3,3,1,1
"8","ADMINISTRACAO","SISU2020",238,95,33,46,24,36,1,2,0,1
"9","ADMINISTRACAO","SISU2021",249,112,31,48,26,28,2,1,0,1
"10","ADMINISTRACAO","SISU2022",246,104,28,56,30,26,1,0,1,0
"11","ADMINISTRACAO_DIURNO_RP","SISU2013",229,171,6,11,7,34,NA,NA,NA,NA
"12","ADMINISTRACAO_DIURNO_RP","SISU2014",221,152,11,22,16,20,NA,NA,NA,NA
"13","ADMINISTRACAO_DIURNO_RP","SISU2015",238,126,15,52,15,30,NA,NA,NA,NA
"14","ADMINISTRACAO_DIURNO_RP","SISU2016",241,104,34,38,29,36,NA,NA,NA,NA
"15","ADMINISTRACAO_DIURNO_RP","SISU2017",255,111,39,39,27,39,NA,NA,NA,NA
"16","ADMINISTRACAO_DIURNO_RP","SISU2018",195,87,27,24,21,30,4,0,1,1
"17","ADMINISTRACAO_DIURNO_RP","SISU2019",160,79,16,23,20,21,0,1,0,0
"18","ADMINISTRACAO_DIURNO_RP","SISU2020",138,65,22,18,12,20,0,0,1,0
"19","ADMINISTRACAO_DIURNO_RP","SISU2021",136,66,18,19,14,18,0,0,0,1
"20","ADMINISTRACAO_DIURNO_RP","SISU2022",79,48,7,9,7,7,0,0,0,1
"21","ADMINISTRACAO_FL","SISU2013",514,399,28,40,16,31,NA,NA,NA,NA
"22","ADMINISTRACAO_FL","SISU2014",432,295,36,48,27,26,NA,NA,NA,NA
"23","ADMINISTRACAO_FL","SISU2015",586,306,47,99,40,94,NA,NA,NA,NA
"24","ADMINISTRACAO_FL","SISU2016",566,271,68,94,55,78,NA,NA,NA,NA
"25","ADMINISTRACAO_FL","SISU2017",479,225,60,83,41,70,NA,NA,NA,NA
"26","ADMINISTRACAO_FL","SISU2018",412,210,39,64,34,53,2,3,5,2
"27","ADMINISTRACAO_FL","SISU2019",257,121,24,44,26,39,1,0,1,1
"28","ADMINISTRACAO_FL","SISU2020",254,103,40,49,27,31,1,1,1,1
"29","ADMINISTRACAO_FL","SISU2021",209,100,19,42,20,27,1,0,0,0
"30","ADMINISTRACAO_FL","SISU2022",141,65,24,19,15,18,0,0,0,0
"31","ADMINISTRACAO_NOTURNO_RP","SISU2013",390,343,11,23,NA,13,NA,NA,NA,NA
"32","ADMINISTRACAO_NOTURNO_RP","SISU2014",343,222,17,40,28,36,NA,NA,NA,NA
"33","ADMINISTRACAO_NOTURNO_RP","SISU2015",373,204,36,65,33,35,NA,NA,NA,NA
"34","ADMINISTRACAO_NOTURNO_RP","SISU2016",444,207,66,72,32,67,NA,NA,NA,NA
"35","ADMINISTRACAO_NOTURNO_RP","SISU2017",342,172,40,56,38,36,NA,NA,NA,NA
"36","ADMINISTRACAO_NOTURNO_RP","SISU2018",266,168,22,30,19,19,1,2,4,1
"37","ADMINISTRACAO_NOTURNO_RP","SISU2019",226,122,22,35,23,20,1,1,1,1
"38","ADMINISTRACAO_NOTURNO_RP","SISU2020",208,110,22,24,28,21,1,1,0,1
"39","ADMINISTRACAO_NOTURNO_RP","SISU2021",147,79,19,21,15,12,0,0,0,1
"40","ADMINISTRACAO_NOTURNO_RP","SISU2022",119,64,11,18,13,12,1,0,0,0
"41","AGRONEGOCIO","SISU2013",283,233,11,15,6,18,NA,NA,NA,NA
"42","AGRONEGOCIO","SISU2014",211,126,16,36,11,22,NA,NA,NA,NA
"43","AGRONEGOCIO","SISU2015",204,93,17,41,18,35,NA,NA,NA,NA
"44","AGRONEGOCIO","SISU2016",242,104,26,59,20,33,NA,NA,NA,NA
"45","AGRONEGOCIO","SISU2017",221,79,33,53,18,38,NA,NA,NA,NA
"46","AGRONEGOCIO","SISU2018",181,74,19,23,21,39,0,2,1,2
"47","AGRONEGOCIO","SISU2019",170,80,26,28,14,22,0,0,0,0
"48","AGRONEGOCIO","SISU2020",159,60,31,33,17,16,0,0,1,1
"49","AGRONEGOCIO","SISU2021",128,61,14,26,14,12,0,0,0,1
"50","AGRONEGOCIO","SISU2022",113,45,19,18,11,18,1,0,0,1
"51","AGRONOMIA","SISU2013",1431,1079,68,115,84,85,NA,NA,NA,NA
"52","AGRONOMIA","SISU2014",1415,915,132,143,119,106,NA,NA,NA,NA
"53","AGRONOMIA","SISU2015",1570,943,153,208,137,129,NA,NA,NA,NA
"54","AGRONOMIA","SISU2016",1549,812,162,279,150,146,NA,NA,NA,NA
"55","AGRONOMIA","SISU2017",1361,692,199,200,126,144,NA,NA,NA,NA
"56","AGRONOMIA","SISU2018",1183,624,143,165,118,99,9,7,12,6
"57","AGRONOMIA","SISU2019",654,311,96,91,72,79,0,1,1,3
"58","AGRONOMIA","SISU2020",747,324,103,127,103,80,4,1,2,3
"59","AGRONOMIA","SISU2021",689,324,93,102,89,69,2,2,3,5
"60","AGRONOMIA","SISU2022",580,264,73,83,80,76,2,2,0,0
"61","AGRONOMIA_FL","SISU2013",243,199,8,11,9,16,NA,NA,NA,NA
"62","AGRONOMIA_FL","SISU2014",191,119,7,32,14,19,NA,NA,NA,NA
"63","AGRONOMIA_FL","SISU2015",239,127,21,37,20,34,NA,NA,NA,NA
"64","AGRONOMIA_FL","SISU2016",256,88,37,66,34,31,NA,NA,NA,NA
"65","AGRONOMIA_FL","SISU2017",297,118,57,55,28,39,NA,NA,NA,NA
"66","AGRONOMIA_FL","SISU2018",217,109,21,32,12,38,2,2,0,1
"67","AGRONOMIA_FL","SISU2019",150,69,17,31,15,18,0,0,0,0
"68","AGRONOMIA_FL","SISU2020",156,72,20,24,22,15,1,1,0,1
"69","AGRONOMIA_FL","SISU2021",143,71,16,29,17,7,0,1,1,1
"70","AGRONOMIA_FL","SISU2022",121,55,16,18,20,11,0,0,0,1
"71","AGRONOMIA_RP","SISU2013",345,272,13,27,6,27,NA,NA,NA,NA
"72","AGRONOMIA_RP","SISU2014",302,202,21,25,24,30,NA,NA,NA,NA
"73","AGRONOMIA_RP","SISU2015",317,180,28,38,32,39,NA,NA,NA,NA
"74","AGRONOMIA_RP","SISU2016",360,185,45,60,31,39,NA,NA,NA,NA
"75","AGRONOMIA_RP","SISU2017",295,142,35,52,27,39,NA,NA,NA,NA
"76","AGRONOMIA_RP","SISU2018",299,152,38,36,34,30,4,2,2,1
"77","AGRONOMIA_RP","SISU2019",198,93,22,33,26,23,0,0,0,1
"78","AGRONOMIA_RP","SISU2020",215,92,32,33,31,25,1,1,0,0
"79","AGRONOMIA_RP","SISU2021",171,77,20,26,24,23,0,0,0,1
"80","AGRONOMIA_RP","SISU2022",133,68,16,14,19,16,0,0,0,0
"81","ARQUITETURA_E_URBANISMO","SISU2013",707,551,30,67,30,29,NA,NA,NA,NA
"82","ARQUITETURA_E_URBANISMO","SISU2014",466,284,37,50,45,50,NA,NA,NA,NA
"83","ARQUITETURA_E_URBANISMO","SISU2015",681,414,55,95,52,65,NA,NA,NA,NA
"84","ARQUITETURA_E_URBANISMO","SISU2016",523,245,78,84,54,62,NA,NA,NA,NA
"85","ARQUITETURA_E_URBANISMO","SISU2017",423,180,49,68,70,56,NA,NA,NA,NA
"86","ARQUITETURA_E_URBANISMO","SISU2018",344,163,47,53,30,41,1,2,4,3
"87","ARQUITETURA_E_URBANISMO","SISU2019",231,118,25,37,24,24,0,1,0,2
"88","ARQUITETURA_E_URBANISMO","SISU2020",238,112,34,38,23,27,1,1,1,1
"89","ARQUITETURA_E_URBANISMO","SISU2021",233,116,33,34,25,23,0,1,0,1
"90","ARQUITETURA_E_URBANISMO","SISU2022",207,96,32,26,32,21,0,0,0,0
"91","BIOQUIMICA","SISU2013",197,148,9,22,7,11,NA,NA,NA,NA
"92","BIOQUIMICA","SISU2014",169,104,13,18,17,17,NA,NA,NA,NA
"93","BIOQUIMICA","SISU2015",239,133,23,41,20,22,NA,NA,NA,NA
"94","BIOQUIMICA","SISU2016",140,75,13,24,11,17,NA,NA,NA,NA
"95","BIOQUIMICA","SISU2017",169,64,22,30,20,33,NA,NA,NA,NA
"96","BIOQUIMICA","SISU2018",190,94,22,27,12,28,1,3,1,2
"97","BIOQUIMICA","SISU2019",142,58,19,29,11,23,1,0,0,1
"98","BIOQUIMICA","SISU2020",144,59,19,26,18,18,2,1,0,1
"99","BIOQUIMICA","SISU2021",124,55,22,17,11,17,0,0,1,1
"100","BIOQUIMICA","SISU2022",116,64,13,17,5,16,0,0,0,1
"101","CIENCIA_DA_COMPUTACAO","SISU2013",234,177,12,24,8,13,NA,NA,NA,NA
"102","CIENCIA_DA_COMPUTACAO","SISU2014",234,131,26,31,21,25,NA,NA,NA,NA
"103","CIENCIA_DA_COMPUTACAO","SISU2015",325,184,46,43,19,33,NA,NA,NA,NA
"104","CIENCIA_DA_COMPUTACAO","SISU2016",228,95,31,46,21,35,NA,NA,NA,NA
"105","CIENCIA_DA_COMPUTACAO","SISU2017",218,102,26,37,26,27,NA,NA,NA,NA
"106","CIENCIA_DA_COMPUTACAO","SISU2018",178,84,20,30,14,22,2,3,1,2
"107","CIENCIA_DA_COMPUTACAO","SISU2019",138,58,22,24,12,18,1,1,1,1
"108","CIENCIA_DA_COMPUTACAO","SISU2020",136,61,17,25,15,13,1,2,0,2
"109","CIENCIA_DA_COMPUTACAO","SISU2021",129,64,16,18,18,10,0,1,0,2
"110","CIENCIA_DA_COMPUTACAO","SISU2022",155,73,18,27,19,17,0,0,0,1
"111","CIENCIA_DA_COMPUTACAO_FL","SISU2013",260,189,12,27,12,20,NA,NA,NA,NA
"112","CIENCIA_DA_COMPUTACAO_FL","SISU2014",191,140,6,20,14,11,NA,NA,NA,NA
"113","CIENCIA_DA_COMPUTACAO_FL","SISU2015",240,138,22,29,22,29,NA,NA,NA,NA
"114","CIENCIA_DA_COMPUTACAO_FL","SISU2016",237,113,30,47,21,26,NA,NA,NA,NA
"115","CIENCIA_DA_COMPUTACAO_FL","SISU2017",213,89,28,42,24,30,NA,NA,NA,NA
"116","CIENCIA_DA_COMPUTACAO_FL","SISU2018",177,91,25,15,20,24,0,1,1,0
"117","CIENCIA_DA_COMPUTACAO_FL","SISU2019",158,76,24,23,15,17,1,0,1,1
"118","CIENCIA_DA_COMPUTACAO_FL","SISU2020",156,72,26,22,18,14,3,1,0,0
"119","CIENCIA_DA_COMPUTACAO_FL","SISU2021",160,86,23,13,20,17,0,0,0,1
"120","CIENCIA_DA_COMPUTACAO_FL","SISU2022",163,84,22,16,27,14,0,0,0,0
"121","CIENCIA_E_TECNOLOGIA_DE_ALIMENTOS_RP","SISU2013",214,177,5,11,3,18,NA,NA,NA,NA
"122","CIENCIA_E_TECNOLOGIA_DE_ALIMENTOS_RP","SISU2014",203,133,12,34,8,16,NA,NA,NA,NA
"123","CIENCIA_E_TECNOLOGIA_DE_ALIMENTOS_RP","SISU2015",208,129,15,27,6,31,NA,NA,NA,NA
"124","CIENCIA_E_TECNOLOGIA_DE_ALIMENTOS_RP","SISU2016",209,111,26,32,15,25,NA,NA,NA,NA
"125","CIENCIA_E_TECNOLOGIA_DE_ALIMENTOS_RP","SISU2017",119,50,13,26,6,24,NA,NA,NA,NA
"126","CIENCIA_E_TECNOLOGIA_DE_ALIMENTOS_RP","SISU2018",104,56,7,20,11,8,0,0,0,2
"127","CIENCIA_E_TECNOLOGIA_DE_ALIMENTOS_RP","SISU2019",114,63,13,17,8,13,0,0,0,0
"128","CIENCIA_E_TECNOLOGIA_DE_ALIMENTOS_RP","SISU2020",118,56,15,22,13,10,1,0,0,1
"129","CIENCIA_E_TECNOLOGIA_DE_ALIMENTOS_RP","SISU2021",89,46,13,12,6,12,0,0,0,0
"130","CIENCIA_E_TECNOLOGIA_DE_ALIMENTOS_RP","SISU2022",52,28,9,7,4,4,0,0,0,0
"131","CIENCIA_E_TECNOLOGIA_DE_LATICINIOS","SISU2013",142,100,22,10,NA,10,NA,NA,NA,NA
"132","CIENCIA_E_TECNOLOGIA_DE_LATICINIOS","SISU2014",115,71,3,16,8,17,NA,NA,NA,NA
"133","CIENCIA_E_TECNOLOGIA_DE_LATICINIOS","SISU2015",180,91,17,36,12,24,NA,NA,NA,NA
"134","CIENCIA_E_TECNOLOGIA_DE_LATICINIOS","SISU2016",166,65,18,51,13,19,NA,NA,NA,NA
"135","CIENCIA_E_TECNOLOGIA_DE_LATICINIOS","SISU2017",161,61,18,46,14,22,NA,NA,NA,NA
"136","CIENCIA_E_TECNOLOGIA_DE_LATICINIOS","SISU2018",117,47,9,40,6,12,1,1,0,1
"137","CIENCIA_E_TECNOLOGIA_DE_LATICINIOS","SISU2019",146,61,19,32,10,23,0,1,0,0
"138","CIENCIA_E_TECNOLOGIA_DE_LATICINIOS","SISU2020",133,53,19,29,12,19,0,1,0,0
"139","CIENCIA_E_TECNOLOGIA_DE_LATICINIOS","SISU2021",86,40,12,11,11,11,0,1,0,0
"140","CIENCIA_E_TECNOLOGIA_DE_LATICINIOS","SISU2022",88,43,9,15,10,11,0,0,0,0
"141","CIENCIAS_BIOLOGICAS","SISU2013",240,192,7,14,10,17,NA,NA,NA,NA
"142","CIENCIAS_BIOLOGICAS","SISU2014",240,163,9,30,20,18,NA,NA,NA,NA
"143","CIENCIAS_BIOLOGICAS","SISU2015",287,149,32,45,27,34,NA,NA,NA,NA
"144","CIENCIAS_BIOLOGICAS","SISU2016",273,102,54,49,26,42,NA,NA,NA,NA
"145","CIENCIAS_BIOLOGICAS","SISU2017",244,110,34,37,32,31,NA,NA,NA,NA
"146","CIENCIAS_BIOLOGICAS","SISU2018",200,91,30,29,18,26,0,2,3,1
"147","CIENCIAS_BIOLOGICAS","SISU2019",195,88,32,34,15,23,1,1,0,1
"148","CIENCIAS_BIOLOGICAS","SISU2020",164,74,21,28,20,20,0,0,0,1
"149","CIENCIAS_BIOLOGICAS","SISU2021",169,76,25,29,20,17,1,0,0,1
"150","CIENCIAS_BIOLOGICAS","SISU2022",147,75,17,19,13,21,0,0,0,2
"151","CIENCIAS_BIOLOGICAS_RP","SISU2013",203,170,7,13,5,8,NA,NA,NA,NA
"152","CIENCIAS_BIOLOGICAS_RP","SISU2014",204,143,11,22,12,16,NA,NA,NA,NA
"153","CIENCIAS_BIOLOGICAS_RP","SISU2015",201,132,11,28,10,20,NA,NA,NA,NA
"154","CIENCIAS_BIOLOGICAS_RP","SISU2016",224,110,25,30,22,37,NA,NA,NA,NA
"155","CIENCIAS_BIOLOGICAS_RP","SISU2017",212,115,27,33,16,21,NA,NA,NA,NA
"156","CIENCIAS_BIOLOGICAS_RP","SISU2018",179,96,19,21,18,22,1,0,1,1
"157","CIENCIAS_BIOLOGICAS_RP","SISU2019",194,107,25,26,21,15,0,0,0,0
"158","CIENCIAS_BIOLOGICAS_RP","SISU2020",134,71,23,16,12,12,0,0,0,0
"159","CIENCIAS_BIOLOGICAS_RP","SISU2021",120,69,14,12,13,12,0,0,0,0
"160","CIENCIAS_BIOLOGICAS_RP","SISU2022",88,51,14,8,9,6,0,0,0,0
"161","CIENCIAS_CONTABEIS","SISU2013",392,308,16,44,9,15,NA,NA,NA,NA
"162","CIENCIAS_CONTABEIS","SISU2014",280,173,21,34,23,29,NA,NA,NA,NA
"163","CIENCIAS_CONTABEIS","SISU2015",430,218,47,70,28,67,NA,NA,NA,NA
"164","CIENCIAS_CONTABEIS","SISU2016",374,150,56,89,42,37,NA,NA,NA,NA
"165","CIENCIAS_CONTABEIS","SISU2017",323,124,40,61,46,52,NA,NA,NA,NA
"166","CIENCIAS_CONTABEIS","SISU2018",332,136,63,52,30,45,2,2,1,1
"167","CIENCIAS_CONTABEIS","SISU2019",254,113,30,49,19,39,1,1,1,1
"168","CIENCIAS_CONTABEIS","SISU2020",196,82,32,34,19,25,1,1,0,2
"169","CIENCIAS_CONTABEIS","SISU2021",191,78,28,35,24,24,1,0,0,1
"170","CIENCIAS_CONTABEIS","SISU2022",154,69,27,23,22,12,0,0,1,0
"171","CIENCIAS_CONTABEIS_RP","SISU2013",340,267,8,26,20,19,NA,NA,NA,NA
"172","CIENCIAS_CONTABEIS_RP","SISU2014",315,215,16,31,28,25,NA,NA,NA,NA
"173","CIENCIAS_CONTABEIS_RP","SISU2015",323,183,16,30,36,58,NA,NA,NA,NA
"174","CIENCIAS_CONTABEIS_RP","SISU2016",329,166,35,49,32,47,NA,NA,NA,NA
"175","CIENCIAS_CONTABEIS_RP","SISU2017",285,139,32,43,31,40,NA,NA,NA,NA
"176","CIENCIAS_CONTABEIS_RP","SISU2018",247,142,34,22,18,27,2,1,1,0
"177","CIENCIAS_CONTABEIS_RP","SISU2019",211,110,16,41,21,21,1,0,0,1
"178","CIENCIAS_CONTABEIS_RP","SISU2020",191,88,29,28,22,23,0,0,0,1
"179","CIENCIAS_CONTABEIS_RP","SISU2021",144,74,18,20,15,16,1,0,0,0
"180","CIENCIAS_CONTABEIS_RP","SISU2022",114,67,12,14,10,11,0,0,0,0
"181","CIENCIAS_ECONOMICAS","SISU2013",231,195,6,15,5,10,NA,NA,NA,NA
"182","CIENCIAS_ECONOMICAS","SISU2014",167,119,6,13,15,14,NA,NA,NA,NA
"183","CIENCIAS_ECONOMICAS","SISU2015",223,140,15,34,15,19,NA,NA,NA,NA
"184","CIENCIAS_ECONOMICAS","SISU2016",204,100,17,44,19,24,NA,NA,NA,NA
"185","CIENCIAS_ECONOMICAS","SISU2017",176,83,28,27,17,21,NA,NA,NA,NA
"186","CIENCIAS_ECONOMICAS","SISU2018",180,96,25,23,16,17,2,0,1,0
"187","CIENCIAS_ECONOMICAS","SISU2019",173,74,24,24,23,26,0,2,0,0
"188","CIENCIAS_ECONOMICAS","SISU2020",139,62,22,23,16,15,0,0,0,1
"189","CIENCIAS_ECONOMICAS","SISU2021",129,65,14,19,14,16,0,0,0,1
"190","CIENCIAS_ECONOMICAS","SISU2022",124,65,17,19,11,12,0,0,0,0
"191","CIENCIAS_SOCIAIS","SISU2013",318,220,17,35,18,28,NA,NA,NA,NA
"192","CIENCIAS_SOCIAIS","SISU2014",254,140,15,51,27,21,NA,NA,NA,NA
"193","CIENCIAS_SOCIAIS","SISU2015",336,144,33,89,28,42,NA,NA,NA,NA
"194","CIENCIAS_SOCIAIS","SISU2016",326,131,29,80,41,45,NA,NA,NA,NA
"195","CIENCIAS_SOCIAIS","SISU2017",250,98,29,57,22,44,NA,NA,NA,NA
"196","CIENCIAS_SOCIAIS","SISU2018",212,94,25,40,17,30,2,2,1,1
"197","CIENCIAS_SOCIAIS","SISU2019",267,94,33,58,28,50,2,1,1,0
"198","CIENCIAS_SOCIAIS","SISU2020",206,82,30,37,18,38,0,0,1,0
"199","CIENCIAS_SOCIAIS","SISU2021",168,79,18,35,13,22,1,0,0,0
"200","CIENCIAS_SOCIAIS","SISU2022",139,59,19,28,13,20,0,0,0,0
"201","COMUNICACAO_SOCIAL","SISU2013",295,214,16,37,17,11,NA,NA,NA,NA
"202","COMUNICACAO_SOCIAL","SISU2014",260,163,23,25,23,26,NA,NA,NA,NA
"203","COMUNICACAO_SOCIAL","SISU2015",302,162,41,49,22,28,NA,NA,NA,NA
"204","COMUNICACAO_SOCIAL","SISU2016",288,140,46,42,25,35,NA,NA,NA,NA
"205","COMUNICACAO_SOCIAL","SISU2017",245,108,29,43,25,40,NA,NA,NA,NA
"206","COMUNICACAO_SOCIAL","SISU2018",226,105,23,42,21,27,2,2,1,3
"207","COMUNICACAO_SOCIAL","SISU2019",170,77,17,36,14,23,0,1,1,1
"208","COMUNICACAO_SOCIAL","SISU2020",163,75,21,27,20,17,1,1,1,0
"209","COMUNICACAO_SOCIAL","SISU2021",162,79,18,25,22,15,0,1,1,1
"210","COMUNICACAO_SOCIAL","SISU2022",152,66,20,23,21,20,0,0,1,1
"211","COOPERATIVISMO","SISU2013",242,177,4,35,10,16,NA,NA,NA,NA
"212","COOPERATIVISMO","SISU2014",295,172,32,48,24,19,NA,NA,NA,NA
"213","COOPERATIVISMO","SISU2015",242,111,41,44,19,27,NA,NA,NA,NA
"214","COOPERATIVISMO","SISU2016",314,119,35,81,28,51,NA,NA,NA,NA
"215","COOPERATIVISMO","SISU2017",279,97,32,60,35,55,NA,NA,NA,NA
"216","COOPERATIVISMO","SISU2018",204,105,8,38,29,19,1,2,0,2
"217","COOPERATIVISMO","SISU2019",204,85,30,34,16,39,0,0,0,0
"218","COOPERATIVISMO","SISU2020",195,80,27,45,17,24,0,1,1,0
"219","COOPERATIVISMO","SISU2021",134,58,15,31,16,13,0,0,1,0
"220","COOPERATIVISMO","SISU2022",104,45,13,15,13,18,0,0,0,0
"221","DANCA","SISU2013",122,85,NA,18,NA,19,NA,NA,NA,NA
"222","DANCA","SISU2014",136,76,10,27,NA,23,NA,NA,NA,NA
"223","DANCA","SISU2015",165,81,6,46,9,23,NA,NA,NA,NA
"224","DANCA","SISU2016",171,72,18,51,7,23,NA,NA,NA,NA
"225","DANCA","SISU2017",175,75,15,35,19,31,NA,NA,NA,NA
"226","DANCA","SISU2018",126,50,18,19,18,17,3,0,1,0
"227","DANCA","SISU2019",104,46,6,23,7,16,3,1,0,2
"228","DANCA","SISU2020",89,44,8,18,4,11,2,1,1,0
"229","DANCA","SISU2021",82,37,9,20,6,7,2,0,0,1
"230","DANCA","SISU2022",60,30,6,9,3,9,1,0,0,2
"231","DIREITO","SISU2013",737,549,44,62,34,48,NA,NA,NA,NA
"232","DIREITO","SISU2014",684,391,66,120,60,47,NA,NA,NA,NA
"233","DIREITO","SISU2015",955,491,128,178,86,72,NA,NA,NA,NA
"234","DIREITO","SISU2016",761,319,94,162,99,87,NA,NA,NA,NA
"235","DIREITO","SISU2017",762,318,109,163,75,97,NA,NA,NA,NA
"236","DIREITO","SISU2018",707,295,91,138,70,85,18,5,2,3
"237","DIREITO","SISU2019",442,184,55,108,30,53,2,3,4,3
"238","DIREITO","SISU2020",390,169,47,71,48,47,3,2,1,2
"239","DIREITO","SISU2021",447,184,60,86,55,55,1,3,2,1
"240","DIREITO","SISU2022",366,148,48,79,42,44,1,2,0,2
"241","ECONOMIA_DOMESTICA","SISU2013",322,229,22,26,16,29,NA,NA,NA,NA
"242","ECONOMIA_DOMESTICA","SISU2014",383,216,25,63,38,41,NA,NA,NA,NA
"243","ECONOMIA_DOMESTICA","SISU2015",427,195,54,83,33,62,NA,NA,NA,NA
"251","EDUCACAO_FISICA","SISU2013",515,359,41,52,24,39,NA,NA,NA,NA
"252","EDUCACAO_FISICA","SISU2014",498,285,48,83,34,48,NA,NA,NA,NA
"253","EDUCACAO_FISICA","SISU2015",841,412,95,177,80,77,NA,NA,NA,NA
"254","EDUCACAO_FISICA","SISU2016",891,359,95,213,103,121,NA,NA,NA,NA
"265","EDUCACAO_FISICA_BACHARELADO","SISU2017",353,170,23,80,33,47,NA,NA,NA,NA
"266","EDUCACAO_FISICA_BACHARELADO","SISU2018",361,159,36,62,41,54,2,2,2,3
"267","EDUCACAO_FISICA_BACHARELADO","SISU2019",238,94,36,49,25,30,1,1,1,1
"268","EDUCACAO_FISICA_BACHARELADO","SISU2020",214,71,35,49,28,26,1,1,2,1
"269","EDUCACAO_FISICA_BACHARELADO","SISU2021",185,62,22,47,17,34,1,1,0,1
"270","EDUCACAO_FISICA_BACHARELADO","SISU2022",155,57,23,31,21,20,1,0,1,1
"275","EDUCACAO_FISICA_LICENCIATURA","SISU2017",250,97,29,59,22,43,NA,NA,NA,NA
"276","EDUCACAO_FISICA_LICENCIATURA","SISU2018",249,105,30,58,19,28,1,4,3,1
"277","EDUCACAO_FISICA_LICENCIATURA","SISU2019",196,86,21,51,14,20,2,1,0,1
"278","EDUCACAO_FISICA_LICENCIATURA","SISU2020",137,56,18,31,15,16,0,1,0,0
"279","EDUCACAO_FISICA_LICENCIATURA","SISU2021",131,56,20,28,10,15,0,1,0,1
"280","EDUCACAO_FISICA_LICENCIATURA","SISU2022",109,52,10,26,15,6,0,0,0,0
"281","EDUCACAO_INFANTIL","SISU2013",316,230,18,45,7,16,NA,NA,NA,NA
"282","EDUCACAO_INFANTIL","SISU2014",359,224,20,66,22,27,NA,NA,NA,NA
"283","EDUCACAO_INFANTIL","SISU2015",429,164,63,91,39,72,NA,NA,NA,NA
"284","EDUCACAO_INFANTIL","SISU2016",527,199,61,131,43,93,NA,NA,NA,NA
"285","EDUCACAO_INFANTIL","SISU2017",514,210,55,119,46,84,NA,NA,NA,NA
"286","EDUCACAO_INFANTIL","SISU2018",385,185,32,84,26,45,1,7,3,2
"287","EDUCACAO_INFANTIL","SISU2019",387,154,50,80,40,60,1,1,1,0
"288","EDUCACAO_INFANTIL","SISU2020",265,85,36,66,35,40,1,1,1,0
"289","EDUCACAO_INFANTIL","SISU2021",188,76,25,49,11,26,0,0,0,1
"290","EDUCACAO_INFANTIL","SISU2022",146,58,18,34,16,18,1,1,0,0
"291","ENFERMAGEM","SISU2013",447,300,34,42,20,51,NA,NA,NA,NA
"292","ENFERMAGEM","SISU2014",357,226,27,45,23,36,NA,NA,NA,NA
"293","ENFERMAGEM","SISU2015",535,260,61,85,48,81,NA,NA,NA,NA
"294","ENFERMAGEM","SISU2016",485,200,61,117,44,63,NA,NA,NA,NA
"295","ENFERMAGEM","SISU2017",504,226,60,105,60,53,NA,NA,NA,NA
"296","ENFERMAGEM","SISU2018",531,229,90,85,44,62,6,8,5,2
"297","ENFERMAGEM","SISU2019",396,134,84,84,38,50,2,1,1,2
"298","ENFERMAGEM","SISU2020",361,131,68,77,37,43,1,2,1,1
"299","ENFERMAGEM","SISU2021",405,153,71,81,49,45,1,2,2,1
"300","ENFERMAGEM","SISU2022",354,134,50,70,56,42,1,0,0,1
"301","ENG._DE_AGRIMENSURA_E_CARTOGRAFICA","SISU2013",225,177,3,32,9,4,NA,NA,NA,NA
"302","ENG._DE_AGRIMENSURA_E_CARTOGRAFICA","SISU2014",195,127,11,20,22,15,NA,NA,NA,NA
"303","ENG._DE_AGRIMENSURA_E_CARTOGRAFICA","SISU2015",160,98,13,28,11,10,NA,NA,NA,NA
"304","ENG._DE_AGRIMENSURA_E_CARTOGRAFICA","SISU2016",171,78,19,27,15,32,NA,NA,NA,NA
"305","ENG._DE_AGRIMENSURA_E_CARTOGRAFICA","SISU2017",169,77,18,22,22,30,NA,NA,NA,NA
"306","ENG._DE_AGRIMENSURA_E_CARTOGRAFICA","SISU2018",120,63,10,13,11,22,0,0,1,0
"307","ENG._DE_AGRIMENSURA_E_CARTOGRAFICA","SISU2019",116,58,13,20,9,15,0,0,0,1
"308","ENG._DE_AGRIMENSURA_E_CARTOGRAFICA","SISU2020",107,49,12,16,10,19,1,0,0,0
"309","ENG._DE_AGRIMENSURA_E_CARTOGRAFICA","SISU2021",88,43,8,16,9,11,0,0,0,1
"310","ENG._DE_AGRIMENSURA_E_CARTOGRAFICA","SISU2022",67,34,3,15,5,10,0,0,0,0
"311","ENGENHARIA_AGRICOLA_E_AMBIENTAL","SISU2013",218,174,11,19,8,6,NA,NA,NA,NA
"312","ENGENHARIA_AGRICOLA_E_AMBIENTAL","SISU2014",182,130,11,19,10,12,NA,NA,NA,NA
"313","ENGENHARIA_AGRICOLA_E_AMBIENTAL","SISU2015",201,107,23,34,15,22,NA,NA,NA,NA
"314","ENGENHARIA_AGRICOLA_E_AMBIENTAL","SISU2016",195,96,22,33,22,22,NA,NA,NA,NA
"315","ENGENHARIA_AGRICOLA_E_AMBIENTAL","SISU2017",155,62,17,34,25,17,NA,NA,NA,NA
"316","ENGENHARIA_AGRICOLA_E_AMBIENTAL","SISU2018",274,114,29,41,51,36,0,1,1,1
"317","ENGENHARIA_AGRICOLA_E_AMBIENTAL","SISU2019",137,66,11,26,17,16,1,0,0,0
"318","ENGENHARIA_AGRICOLA_E_AMBIENTAL","SISU2020",122,62,13,11,17,16,1,1,0,1
"319","ENGENHARIA_AGRICOLA_E_AMBIENTAL","SISU2021",100,43,9,24,10,14,0,0,0,0
"320","ENGENHARIA_AGRICOLA_E_AMBIENTAL","SISU2022",87,46,9,14,7,10,0,1,0,0
"321","ENGENHARIA_AMBIENTAL","SISU2013",273,202,8,32,14,17,NA,NA,NA,NA
"322","ENGENHARIA_AMBIENTAL","SISU2014",183,111,11,28,22,11,NA,NA,NA,NA
"323","ENGENHARIA_AMBIENTAL","SISU2015",230,141,24,20,15,30,NA,NA,NA,NA
"324","ENGENHARIA_AMBIENTAL","SISU2016",299,109,49,90,22,29,NA,NA,NA,NA
"325","ENGENHARIA_AMBIENTAL","SISU2017",171,63,26,38,13,31,NA,NA,NA,NA
"326","ENGENHARIA_AMBIENTAL","SISU2018",170,92,16,24,14,20,2,2,0,0
"327","ENGENHARIA_AMBIENTAL","SISU2019",113,52,18,20,12,9,0,1,0,1
"328","ENGENHARIA_AMBIENTAL","SISU2020",110,48,18,16,14,12,1,0,0,1
"329","ENGENHARIA_AMBIENTAL","SISU2021",95,40,12,14,14,14,0,0,1,0
"330","ENGENHARIA_AMBIENTAL","SISU2022",79,34,13,10,11,10,0,0,0,1
"331","ENGENHARIA_CIVIL","SISU2013",577,447,30,41,31,28,NA,NA,NA,NA
"332","ENGENHARIA_CIVIL","SISU2014",459,282,50,52,41,34,NA,NA,NA,NA
"333","ENGENHARIA_CIVIL","SISU2015",579,304,64,106,53,52,NA,NA,NA,NA
"334","ENGENHARIA_CIVIL","SISU2016",448,209,62,77,44,56,NA,NA,NA,NA
"335","ENGENHARIA_CIVIL","SISU2017",370,158,47,69,45,51,NA,NA,NA,NA
"336","ENGENHARIA_CIVIL","SISU2018",315,155,45,46,28,33,3,1,3,1
"337","ENGENHARIA_CIVIL","SISU2019",228,100,29,36,28,32,1,1,0,1
"338","ENGENHARIA_CIVIL","SISU2020",165,68,20,29,23,21,1,1,1,1
"339","ENGENHARIA_CIVIL","SISU2021",172,78,19,30,24,21,0,0,0,0
"340","ENGENHARIA_CIVIL","SISU2022",161,76,19,18,21,26,0,0,0,1
"341","ENGENHARIA_CIVIL_RP","SISU2013",473,364,20,40,14,35,NA,NA,NA,NA
"342","ENGENHARIA_CIVIL_RP","SISU2014",361,242,23,46,23,27,NA,NA,NA,NA
"343","ENGENHARIA_CIVIL_RP","SISU2015",365,211,25,52,34,43,NA,NA,NA,NA
"344","ENGENHARIA_CIVIL_RP","SISU2016",348,165,39,62,43,39,NA,NA,NA,NA
"345","ENGENHARIA_CIVIL_RP","SISU2017",282,128,46,40,31,37,NA,NA,NA,NA
"346","ENGENHARIA_CIVIL_RP","SISU2018",235,133,26,16,20,35,0,1,3,1
"347","ENGENHARIA_CIVIL_RP","SISU2019",145,73,17,14,22,18,0,0,0,1
"348","ENGENHARIA_CIVIL_RP","SISU2020",139,69,15,20,17,16,1,0,1,0
"349","ENGENHARIA_CIVIL_RP","SISU2021",107,58,11,14,12,11,0,0,1,0
"350","ENGENHARIA_CIVIL_RP","SISU2022",92,47,14,11,9,10,0,0,0,1
"351","ENGENHARIA_DE_ALIMENTOS","SISU2013",292,219,26,20,12,15,NA,NA,NA,NA
"352","ENGENHARIA_DE_ALIMENTOS","SISU2014",263,170,15,24,27,27,NA,NA,NA,NA
"353","ENGENHARIA_DE_ALIMENTOS","SISU2015",293,166,29,40,27,31,NA,NA,NA,NA
"354","ENGENHARIA_DE_ALIMENTOS","SISU2016",262,146,23,43,25,25,NA,NA,NA,NA
"355","ENGENHARIA_DE_ALIMENTOS","SISU2017",270,123,45,44,26,32,NA,NA,NA,NA
"356","ENGENHARIA_DE_ALIMENTOS","SISU2018",209,105,29,20,22,28,1,2,1,1
"357","ENGENHARIA_DE_ALIMENTOS","SISU2019",187,92,21,35,16,23,0,0,0,0
"358","ENGENHARIA_DE_ALIMENTOS","SISU2020",155,72,21,23,13,25,0,1,0,0
"359","ENGENHARIA_DE_ALIMENTOS","SISU2021",132,56,16,20,16,24,0,0,0,0
"360","ENGENHARIA_DE_ALIMENTOS","SISU2022",116,51,13,21,11,20,0,0,0,0
"361","ENGENHARIA_DE_ALIMENTOS_FL","SISU2013",213,163,7,14,13,16,NA,NA,NA,NA
"362","ENGENHARIA_DE_ALIMENTOS_FL","SISU2014",168,112,10,20,9,17,NA,NA,NA,NA
"363","ENGENHARIA_DE_ALIMENTOS_FL","SISU2015",198,109,19,26,16,28,NA,NA,NA,NA
"364","ENGENHARIA_DE_ALIMENTOS_FL","SISU2016",244,99,31,57,30,27,NA,NA,NA,NA
"365","ENGENHARIA_DE_ALIMENTOS_FL","SISU2017",184,81,24,41,22,16,NA,NA,NA,NA
"366","ENGENHARIA_DE_ALIMENTOS_FL","SISU2018",146,67,16,25,13,22,0,1,1,1
"367","ENGENHARIA_DE_ALIMENTOS_FL","SISU2019",116,53,11,25,13,14,0,0,0,0
"368","ENGENHARIA_DE_ALIMENTOS_FL","SISU2020",115,55,16,20,11,12,0,1,0,0
"369","ENGENHARIA_DE_ALIMENTOS_FL","SISU2021",97,45,17,16,9,10,0,0,0,0
"370","ENGENHARIA_DE_ALIMENTOS_FL","SISU2022",70,39,8,10,6,6,0,0,0,1
"371","ENGENHARIA_DE_PRODUCAO","SISU2013",240,192,7,25,5,11,NA,NA,NA,NA
"372","ENGENHARIA_DE_PRODUCAO","SISU2014",242,146,24,28,21,23,NA,NA,NA,NA
"373","ENGENHARIA_DE_PRODUCAO","SISU2015",235,143,25,29,14,24,NA,NA,NA,NA
"374","ENGENHARIA_DE_PRODUCAO","SISU2016",211,110,22,41,14,24,NA,NA,NA,NA
"375","ENGENHARIA_DE_PRODUCAO","SISU2017",179,74,25,30,27,23,NA,NA,NA,NA
"376","ENGENHARIA_DE_PRODUCAO","SISU2018",148,78,20,18,16,14,0,1,1,0
"377","ENGENHARIA_DE_PRODUCAO","SISU2019",128,49,18,20,15,24,1,1,0,0
"378","ENGENHARIA_DE_PRODUCAO","SISU2020",116,48,20,22,9,16,0,1,0,0
"379","ENGENHARIA_DE_PRODUCAO","SISU2021",116,55,16,15,12,18,0,0,0,0
"380","ENGENHARIA_DE_PRODUCAO","SISU2022",96,48,11,14,8,15,0,0,0,0
"381","ENGENHARIA_DE_PRODUCAO_RP","SISU2013",314,260,7,22,10,15,NA,NA,NA,NA
"382","ENGENHARIA_DE_PRODUCAO_RP","SISU2014",267,169,25,27,22,24,NA,NA,NA,NA
"383","ENGENHARIA_DE_PRODUCAO_RP","SISU2015",261,152,22,23,25,39,NA,NA,NA,NA
"384","ENGENHARIA_DE_PRODUCAO_RP","SISU2016",296,163,28,35,25,45,NA,NA,NA,NA
"385","ENGENHARIA_DE_PRODUCAO_RP","SISU2017",236,113,35,40,17,31,NA,NA,NA,NA
"386","ENGENHARIA_DE_PRODUCAO_RP","SISU2018",201,110,27,28,20,13,2,0,0,1
"387","ENGENHARIA_DE_PRODUCAO_RP","SISU2019",135,69,16,17,16,16,0,1,0,0
"388","ENGENHARIA_DE_PRODUCAO_RP","SISU2020",118,58,11,20,12,17,0,0,0,0
"389","ENGENHARIA_DE_PRODUCAO_RP","SISU2021",107,53,14,12,12,16,0,0,0,0
"390","ENGENHARIA_DE_PRODUCAO_RP","SISU2022",78,47,8,8,7,7,0,0,0,1
"391","ENGENHARIA_ELETRICA","SISU2013",228,166,13,22,16,11,NA,NA,NA,NA
"392","ENGENHARIA_ELETRICA","SISU2014",207,123,14,24,22,24,NA,NA,NA,NA
"393","ENGENHARIA_ELETRICA","SISU2015",254,148,23,32,21,30,NA,NA,NA,NA
"394","ENGENHARIA_ELETRICA","SISU2016",195,101,14,34,29,17,NA,NA,NA,NA
"395","ENGENHARIA_ELETRICA","SISU2017",183,86,22,25,16,34,NA,NA,NA,NA
"396","ENGENHARIA_ELETRICA","SISU2018",156,73,22,21,17,18,3,1,0,1
"397","ENGENHARIA_ELETRICA","SISU2019",118,61,14,18,7,15,1,1,0,1
"398","ENGENHARIA_ELETRICA","SISU2020",109,51,9,20,15,13,0,1,0,0
"399","ENGENHARIA_ELETRICA","SISU2021",102,49,12,20,10,9,0,0,1,1
"400","ENGENHARIA_ELETRICA","SISU2022",75,40,7,10,8,10,0,0,0,0
"401","ENGENHARIA_FLORESTAL","SISU2013",301,228,10,29,16,18,NA,NA,NA,NA
"402","ENGENHARIA_FLORESTAL","SISU2014",268,175,24,23,23,23,NA,NA,NA,NA
"403","ENGENHARIA_FLORESTAL","SISU2015",316,182,30,41,28,35,NA,NA,NA,NA
"404","ENGENHARIA_FLORESTAL","SISU2016",276,135,35,50,26,30,NA,NA,NA,NA
"405","ENGENHARIA_FLORESTAL","SISU2017",220,103,21,36,28,32,NA,NA,NA,NA
"406","ENGENHARIA_FLORESTAL","SISU2018",217,101,22,42,18,30,2,0,1,1
"407","ENGENHARIA_FLORESTAL","SISU2019",166,73,22,27,24,19,0,1,0,0
"408","ENGENHARIA_FLORESTAL","SISU2020",168,70,22,28,27,20,1,0,0,0
"409","ENGENHARIA_FLORESTAL","SISU2021",134,57,16,27,14,20,0,0,0,0
"410","ENGENHARIA_FLORESTAL","SISU2022",116,47,12,19,21,16,0,0,1,0
"411","ENGENHARIA_MECANICA","SISU2013",325,264,8,26,9,18,NA,NA,NA,NA
"412","ENGENHARIA_MECANICA","SISU2014",243,130,35,32,25,21,NA,NA,NA,NA
"413","ENGENHARIA_MECANICA","SISU2015",270,156,29,40,15,30,NA,NA,NA,NA
"414","ENGENHARIA_MECANICA","SISU2016",229,99,27,46,19,38,NA,NA,NA,NA
"415","ENGENHARIA_MECANICA","SISU2017",204,87,24,48,23,22,NA,NA,NA,NA
"416","ENGENHARIA_MECANICA","SISU2018",146,67,13,21,20,21,2,0,1,1
"417","ENGENHARIA_MECANICA","SISU2019",114,52,10,19,12,19,1,0,0,1
"418","ENGENHARIA_MECANICA","SISU2020",117,49,18,21,11,15,0,1,1,1
"419","ENGENHARIA_MECANICA","SISU2021",106,49,18,14,11,13,0,0,0,1
"420","ENGENHARIA_MECANICA","SISU2022",88,48,11,10,8,10,0,0,0,1
"421","ENGENHARIA_QUIMICA","SISU2013",376,281,22,37,15,21,NA,NA,NA,NA
"422","ENGENHARIA_QUIMICA","SISU2014",267,175,16,30,26,20,NA,NA,NA,NA
"423","ENGENHARIA_QUIMICA","SISU2015",247,149,24,36,13,25,NA,NA,NA,NA
"424","ENGENHARIA_QUIMICA","SISU2016",235,129,25,36,21,24,NA,NA,NA,NA
"425","ENGENHARIA_QUIMICA","SISU2017",173,89,17,29,19,19,NA,NA,NA,NA
"426","ENGENHARIA_QUIMICA","SISU2018",150,87,12,16,11,18,1,1,3,1
"427","ENGENHARIA_QUIMICA","SISU2019",130,62,17,14,20,14,1,0,1,1
"428","ENGENHARIA_QUIMICA","SISU2020",94,48,9,15,11,11,0,0,0,0
"429","ENGENHARIA_QUIMICA","SISU2021",94,46,10,14,13,10,1,0,0,0
"430","ENGENHARIA_QUIMICA","SISU2022",77,41,8,10,5,13,0,0,0,0
"431","FISICA","SISU2013",152,123,1,14,4,10,NA,NA,NA,NA
"432","FISICA","SISU2014",142,80,10,32,4,16,NA,NA,NA,NA
"433","FISICA","SISU2015",160,93,12,29,11,15,NA,NA,NA,NA
"434","FISICA","SISU2016",133,60,18,24,12,19,NA,NA,NA,NA
"435","FISICA","SISU2017",146,60,19,33,20,14,NA,NA,NA,NA
"436","FISICA","SISU2018",123,70,20,8,11,10,1,1,1,1
"437","FISICA","SISU2019",155,63,20,25,12,34,0,0,0,1
"438","FISICA","SISU2020",109,51,14,20,11,12,1,0,0,0
"439","FISICA","SISU2021",88,39,9,16,12,12,0,0,0,0
"440","FISICA","SISU2022",78,37,9,16,7,9,0,0,0,0
"441","GEOGRAFIA","SISU2013",238,188,5,15,8,22,NA,NA,NA,NA
"442","GEOGRAFIA","SISU2014",246,149,15,40,20,22,NA,NA,NA,NA
"443","GEOGRAFIA","SISU2015",305,132,30,60,18,65,NA,NA,NA,NA
"444","GEOGRAFIA","SISU2016",334,109,53,99,37,36,NA,NA,NA,NA
"445","GEOGRAFIA","SISU2017",235,99,28,54,20,34,NA,NA,NA,NA
"446","GEOGRAFIA","SISU2018",223,99,31,28,32,29,2,1,0,1
"447","GEOGRAFIA","SISU2019",216,88,31,49,17,28,1,0,1,1
"448","GEOGRAFIA","SISU2020",190,74,31,38,22,23,0,1,0,1
"449","GEOGRAFIA","SISU2021",128,50,16,28,17,17,0,0,0,0
"450","GEOGRAFIA","SISU2022",117,56,17,19,9,16,0,0,0,0
"451","GESTAO_AMBIENTAL_FL","SISU2013",215,145,17,28,5,20,NA,NA,NA,NA
"452","GESTAO_AMBIENTAL_FL","SISU2014",217,143,13,22,11,28,NA,NA,NA,NA
"453","GESTAO_AMBIENTAL_FL","SISU2015",225,114,25,29,8,49,NA,NA,NA,NA
"454","GESTAO_AMBIENTAL_FL","SISU2016",263,121,49,46,20,27,NA,NA,NA,NA
"455","GESTAO_AMBIENTAL_FL","SISU2017",280,119,36,48,29,48,NA,NA,NA,NA
"456","GESTAO_AMBIENTAL_FL","SISU2018",210,92,33,38,14,29,1,1,1,1
"457","GESTAO_AMBIENTAL_FL","SISU2019",149,73,17,27,8,24,0,0,0,0
"458","GESTAO_AMBIENTAL_FL","SISU2020",146,70,21,24,12,18,0,1,0,0
"459","GESTAO_AMBIENTAL_FL","SISU2021",106,55,15,13,8,15,0,0,0,0
"460","GESTAO_AMBIENTAL_FL","SISU2022",88,42,14,12,9,10,0,1,0,0
"461","HISTORIA","SISU2013",223,158,16,23,7,19,NA,NA,NA,NA
"462","HISTORIA","SISU2014",227,130,23,36,19,19,NA,NA,NA,NA
"463","HISTORIA","SISU2015",286,135,21,49,35,46,NA,NA,NA,NA
"464","HISTORIA","SISU2016",265,117,27,44,40,37,NA,NA,NA,NA
"465","HISTORIA","SISU2017",268,110,49,40,31,38,NA,NA,NA,NA
"466","HISTORIA","SISU2018",218,97,35,31,15,31,3,2,3,1
"467","HISTORIA","SISU2019",177,81,25,31,13,23,1,1,1,1
"468","HISTORIA","SISU2020",177,65,23,30,27,26,2,2,1,1
"469","HISTORIA","SISU2021",151,67,26,26,13,17,1,0,0,1
"470","HISTORIA","SISU2022",120,58,17,21,13,10,1,0,0,0
"471","LETRAS","SISU2013",259,189,14,32,11,13,NA,NA,NA,NA
"472","LETRAS","SISU2014",268,149,27,35,32,25,NA,NA,NA,NA
"473","LETRAS","SISU2015",290,136,35,57,27,35,NA,NA,NA,NA
"474","LETRAS","SISU2016",309,127,30,82,27,43,NA,NA,NA,NA
"475","LETRAS","SISU2017",280,117,29,63,34,37,NA,NA,NA,NA
"476","LETRAS","SISU2018",259,115,23,44,25,39,5,3,4,1
"477","LETRAS","SISU2019",212,85,29,36,19,35,2,3,1,2
"478","LETRAS","SISU2020",217,86,23,45,28,31,1,1,2,0
"479","LETRAS","SISU2021",170,71,22,34,14,25,1,1,0,2
"480","LETRAS","SISU2022",162,71,28,27,13,21,1,0,0,1
"481","LICENCIATURA_EM_CIENCIAS_BIOLOGICAS","SISU2013",252,185,12,30,9,16,NA,NA,NA,NA
"482","LICENCIATURA_EM_CIENCIAS_BIOLOGICAS","SISU2014",280,158,23,53,18,28,NA,NA,NA,NA
"483","LICENCIATURA_EM_CIENCIAS_BIOLOGICAS","SISU2015",338,185,40,45,19,49,NA,NA,NA,NA
"484","LICENCIATURA_EM_CIENCIAS_BIOLOGICAS","SISU2016",302,128,36,63,32,43,NA,NA,NA,NA
"485","LICENCIATURA_EM_CIENCIAS_BIOLOGICAS","SISU2017",226,106,23,52,19,26,NA,NA,NA,NA
"486","LICENCIATURA_EM_CIENCIAS_BIOLOGICAS","SISU2018",222,105,37,24,14,36,1,2,1,2
"487","LICENCIATURA_EM_CIENCIAS_BIOLOGICAS","SISU2019",178,74,19,43,15,23,1,1,1,1
"488","LICENCIATURA_EM_CIENCIAS_BIOLOGICAS","SISU2020",158,75,25,29,14,14,1,0,0,0
"489","LICENCIATURA_EM_CIENCIAS_BIOLOGICAS","SISU2021",144,66,15,24,22,15,1,0,0,1
"490","LICENCIATURA_EM_CIENCIAS_BIOLOGICAS","SISU2022",138,63,18,20,15,20,0,1,0,1
"491","LICENCIATURA_EM_CIENCIAS_BIOLOGICAS_FL","SISU2013",148,122,NA,14,NA,12,NA,NA,NA,NA
"492","LICENCIATURA_EM_CIENCIAS_BIOLOGICAS_FL","SISU2014",118,86,8,7,6,11,NA,NA,NA,NA
"493","LICENCIATURA_EM_CIENCIAS_BIOLOGICAS_FL","SISU2015",137,84,3,30,7,13,NA,NA,NA,NA
"494","LICENCIATURA_EM_CIENCIAS_BIOLOGICAS_FL","SISU2016",132,59,13,19,13,28,NA,NA,NA,NA
"495","LICENCIATURA_EM_CIENCIAS_BIOLOGICAS_FL","SISU2017",145,65,22,27,7,24,NA,NA,NA,NA
"496","LICENCIATURA_EM_CIENCIAS_BIOLOGICAS_FL","SISU2018",113,52,8,16,13,21,1,1,1,0
"497","LICENCIATURA_EM_CIENCIAS_BIOLOGICAS_FL","SISU2019",80,37,14,15,5,8,0,1,0,0
"498","LICENCIATURA_EM_CIENCIAS_BIOLOGICAS_FL","SISU2020",92,43,13,19,5,12,0,0,0,0
"499","LICENCIATURA_EM_CIENCIAS_BIOLOGICAS_FL","SISU2021",52,29,3,10,3,7,0,0,0,0
"500","LICENCIATURA_EM_CIENCIAS_BIOLOGICAS_FL","SISU2022",64,34,7,8,2,12,1,0,0,0
"501","LICENCIATURA_EM_EDUCACAO_FISICA_FL","SISU2013",346,254,5,30,25,32,NA,NA,NA,NA
"502","LICENCIATURA_EM_EDUCACAO_FISICA_FL","SISU2014",280,180,14,49,6,31,NA,NA,NA,NA
"503","LICENCIATURA_EM_EDUCACAO_FISICA_FL","SISU2015",400,231,24,70,18,57,NA,NA,NA,NA
"504","LICENCIATURA_EM_EDUCACAO_FISICA_FL","SISU2016",465,203,61,100,37,64,NA,NA,NA,NA
"505","LICENCIATURA_EM_EDUCACAO_FISICA_FL","SISU2017",465,185,55,89,54,82,NA,NA,NA,NA
"506","LICENCIATURA_EM_EDUCACAO_FISICA_FL","SISU2018",350,151,35,52,42,58,3,2,3,4
"507","LICENCIATURA_EM_EDUCACAO_FISICA_FL","SISU2019",203,107,27,30,15,23,0,1,0,0
"508","LICENCIATURA_EM_EDUCACAO_FISICA_FL","SISU2020",208,81,31,38,18,38,1,0,1,0
"509","LICENCIATURA_EM_EDUCACAO_FISICA_FL","SISU2021",183,77,25,34,21,25,0,0,1,0
"510","LICENCIATURA_EM_EDUCACAO_FISICA_FL","SISU2022",108,52,11,21,8,15,0,1,0,0
"511","LICENCIATURA_EM_FISICA","SISU2013",145,109,4,22,5,5,NA,NA,NA,NA
"512","LICENCIATURA_EM_FISICA","SISU2014",169,99,19,29,8,14,NA,NA,NA,NA
"513","LICENCIATURA_EM_FISICA","SISU2015",144,80,27,15,3,19,NA,NA,NA,NA
"514","LICENCIATURA_EM_FISICA","SISU2016",189,72,20,50,24,23,NA,NA,NA,NA
"515","LICENCIATURA_EM_FISICA","SISU2017",184,79,16,42,17,30,NA,NA,NA,NA
"516","LICENCIATURA_EM_FISICA","SISU2018",166,68,45,25,8,19,1,0,0,0
"521","LICENCIATURA_EM_FISICA_FL","SISU2013",68,55,NA,7,NA,6,NA,NA,NA,NA
"522","LICENCIATURA_EM_FISICA_FL","SISU2014",63,44,1,11,2,5,NA,NA,NA,NA
"523","LICENCIATURA_EM_FISICA_FL","SISU2015",59,36,3,9,2,9,NA,NA,NA,NA
"524","LICENCIATURA_EM_FISICA_FL","SISU2016",87,37,22,14,2,12,NA,NA,NA,NA
"525","LICENCIATURA_EM_FISICA_FL","SISU2017",72,29,8,18,2,15,NA,NA,NA,NA
"526","LICENCIATURA_EM_FISICA_FL","SISU2018",47,20,3,7,9,8,0,0,0,0
"527","LICENCIATURA_EM_FISICA_FL","SISU2019",61,26,7,10,8,8,1,0,0,1
"528","LICENCIATURA_EM_FISICA_FL","SISU2020",40,21,3,7,5,4,0,0,0,0
"529","LICENCIATURA_EM_FISICA_FL","SISU2021",29,14,3,5,1,6,0,0,0,0
"530","LICENCIATURA_EM_FISICA_FL","SISU2022",21,13,2,3,2,1,0,0,0,0
"531","LICENCIATURA_EM_MATEMATICA","SISU2013",231,155,8,24,7,37,NA,NA,NA,NA
"532","LICENCIATURA_EM_MATEMATICA","SISU2014",196,116,15,19,10,36,NA,NA,NA,NA
"533","LICENCIATURA_EM_MATEMATICA","SISU2015",197,87,42,34,14,20,NA,NA,NA,NA
"534","LICENCIATURA_EM_MATEMATICA","SISU2016",235,93,24,39,20,59,NA,NA,NA,NA
"535","LICENCIATURA_EM_MATEMATICA","SISU2017",180,75,14,46,16,29,NA,NA,NA,NA
"536","LICENCIATURA_EM_MATEMATICA","SISU2018",205,109,10,44,16,23,1,2,0,0
"537","LICENCIATURA_EM_MATEMATICA","SISU2019",169,83,20,29,9,26,1,0,0,1
"538","LICENCIATURA_EM_MATEMATICA","SISU2020",126,51,16,25,13,20,1,0,0,0
"539","LICENCIATURA_EM_MATEMATICA","SISU2021",103,49,12,15,9,16,1,1,0,0
"540","LICENCIATURA_EM_MATEMATICA","SISU2022",88,47,7,13,11,10,0,0,0,0
"541","LICENCIATURA_EM_MATEMATICA_FL","SISU2013",57,41,NA,8,NA,8,NA,NA,NA,NA
"542","LICENCIATURA_EM_MATEMATICA_FL","SISU2014",72,55,2,6,5,4,NA,NA,NA,NA
"543","LICENCIATURA_EM_MATEMATICA_FL","SISU2015",71,36,4,16,5,10,NA,NA,NA,NA
"544","LICENCIATURA_EM_MATEMATICA_FL","SISU2016",89,36,12,19,8,14,NA,NA,NA,NA
"545","LICENCIATURA_EM_MATEMATICA_FL","SISU2017",99,45,15,22,4,13,NA,NA,NA,NA
"546","LICENCIATURA_EM_MATEMATICA_FL","SISU2018",77,29,4,14,11,16,0,1,2,0
"547","LICENCIATURA_EM_MATEMATICA_FL","SISU2019",72,38,9,9,5,11,0,0,0,0
"548","LICENCIATURA_EM_MATEMATICA_FL","SISU2020",50,33,6,5,2,4,0,0,0,0
"549","LICENCIATURA_EM_MATEMATICA_FL","SISU2021",42,23,5,6,2,6,0,0,0,0
"550","LICENCIATURA_EM_MATEMATICA_FL","SISU2022",27,16,4,3,2,2,0,0,0,0
"551","LICENCIATURA_EM_QUIMICA","SISU2013",219,168,8,19,16,8,NA,NA,NA,NA
"552","LICENCIATURA_EM_QUIMICA","SISU2014",173,106,12,17,13,25,NA,NA,NA,NA
"553","LICENCIATURA_EM_QUIMICA","SISU2015",199,112,21,30,15,21,NA,NA,NA,NA
"554","LICENCIATURA_EM_QUIMICA","SISU2016",197,81,15,53,15,33,NA,NA,NA,NA
"555","LICENCIATURA_EM_QUIMICA","SISU2017",162,63,22,38,17,22,NA,NA,NA,NA
"556","LICENCIATURA_EM_QUIMICA","SISU2018",183,96,19,32,9,22,1,1,1,2
"557","LICENCIATURA_EM_QUIMICA","SISU2019",143,67,15,21,15,25,0,0,0,0
"558","LICENCIATURA_EM_QUIMICA","SISU2020",123,58,16,17,13,19,0,0,0,0
"559","LICENCIATURA_EM_QUIMICA","SISU2021",94,37,13,23,9,12,0,0,0,0
"560","LICENCIATURA_EM_QUIMICA","SISU2022",70,32,6,13,5,14,0,0,0,0
"561","LICENCIATURA_EM_QUIMICA_FL","SISU2013",112,93,NA,10,NA,9,NA,NA,NA,NA
"562","LICENCIATURA_EM_QUIMICA_FL","SISU2014",115,76,7,19,3,10,NA,NA,NA,NA
"563","LICENCIATURA_EM_QUIMICA_FL","SISU2015",117,61,14,17,15,10,NA,NA,NA,NA
"564","LICENCIATURA_EM_QUIMICA_FL","SISU2016",129,62,14,25,10,18,NA,NA,NA,NA
"565","LICENCIATURA_EM_QUIMICA_FL","SISU2017",105,51,10,23,9,12,NA,NA,NA,NA
"566","LICENCIATURA_EM_QUIMICA_FL","SISU2018",84,48,3,15,4,13,0,1,0,0
"567","LICENCIATURA_EM_QUIMICA_FL","SISU2019",62,36,7,11,3,5,0,0,0,0
"568","LICENCIATURA_EM_QUIMICA_FL","SISU2020",40,21,4,8,1,6,0,0,0,0
"569","LICENCIATURA_EM_QUIMICA_FL","SISU2021",31,16,3,4,1,6,0,0,0,1
"570","LICENCIATURA_EM_QUIMICA_FL","SISU2022",26,16,3,4,1,2,0,0,0,0
"571","MATEMATICA","SISU2013",152,110,5,18,5,14,NA,NA,NA,NA
"572","MATEMATICA","SISU2014",140,97,10,10,13,10,NA,NA,NA,NA
"573","MATEMATICA","SISU2015",164,73,19,43,18,11,NA,NA,NA,NA
"574","MATEMATICA","SISU2016",162,73,21,28,16,24,NA,NA,NA,NA
"575","MATEMATICA","SISU2017",141,59,16,21,18,27,NA,NA,NA,NA
"576","MATEMATICA","SISU2018",132,65,12,20,9,24,2,0,0,0
"577","MATEMATICA","SISU2019",140,50,16,37,13,23,0,0,0,1
"578","MATEMATICA","SISU2020",107,51,11,19,11,14,0,1,0,0
"579","MATEMATICA","SISU2021",88,38,11,17,10,12,0,0,0,0
"580","MATEMATICA","SISU2022",77,34,14,10,7,12,0,0,0,0
"581","MEDICINA","SISU2013",1173,954,36,84,40,59,NA,NA,NA,NA
"582","MEDICINA","SISU2014",597,385,38,73,50,51,NA,NA,NA,NA
"583","MEDICINA","SISU2015",889,595,50,98,82,64,NA,NA,NA,NA
"584","MEDICINA","SISU2016",750,441,72,98,66,73,NA,NA,NA,NA
"585","MEDICINA","SISU2017",770,432,99,94,78,67,NA,NA,NA,NA
"586","MEDICINA","SISU2018",925,423,88,101,101,67,125,5,11,4
"587","MEDICINA","SISU2019",799,414,95,107,83,72,8,4,10,6
"588","MEDICINA","SISU2020",798,393,115,101,90,80,6,6,1,6
"589","MEDICINA","SISU2021",1030,553,146,122,89,96,8,6,6,4
"590","MEDICINA","SISU2022",906,449,149,100,108,76,3,6,8,7
"591","MEDICINA_VETERINARIA","SISU2013",817,601,47,68,57,44,NA,NA,NA,NA
"592","MEDICINA_VETERINARIA","SISU2014",630,357,75,71,66,61,NA,NA,NA,NA
"593","MEDICINA_VETERINARIA","SISU2015",877,499,91,119,90,78,NA,NA,NA,NA
"594","MEDICINA_VETERINARIA","SISU2016",976,447,121,159,147,102,NA,NA,NA,NA
"595","MEDICINA_VETERINARIA","SISU2017",747,346,112,114,90,85,NA,NA,NA,NA
"596","MEDICINA_VETERINARIA","SISU2018",778,346,118,107,80,107,8,5,4,3
"597","MEDICINA_VETERINARIA","SISU2019",554,223,76,109,73,64,3,2,3,1
"598","MEDICINA_VETERINARIA","SISU2020",421,186,55,75,49,46,2,4,2,2
"599","MEDICINA_VETERINARIA","SISU2021",585,265,90,90,65,63,2,3,1,6
"600","MEDICINA_VETERINARIA","SISU2022",484,227,75,80,49,46,1,3,1,2
"601","NUTRICAO","SISU2013",377,281,15,43,15,23,NA,NA,NA,NA
"602","NUTRICAO","SISU2014",369,211,37,40,40,41,NA,NA,NA,NA
"603","NUTRICAO","SISU2015",490,263,59,77,42,49,NA,NA,NA,NA
"604","NUTRICAO","SISU2016",527,224,92,109,47,55,NA,NA,NA,NA
"605","NUTRICAO","SISU2017",450,186,69,82,57,56,NA,NA,NA,NA
"606","NUTRICAO","SISU2018",429,189,76,61,32,56,4,3,6,2
"607","NUTRICAO","SISU2019",306,126,50,54,37,34,1,3,0,1
"608","NUTRICAO","SISU2020",288,110,40,54,33,45,1,3,1,1
"609","NUTRICAO","SISU2021",278,133,43,48,25,25,1,1,1,1
"610","NUTRICAO","SISU2022",251,115,41,29,35,28,0,1,1,1
"611","NUTRICAO_RP","SISU2013",152,116,NA,21,NA,15,NA,NA,NA,NA
"612","NUTRICAO_RP","SISU2014",188,123,11,27,4,23,NA,NA,NA,NA
"613","NUTRICAO_RP","SISU2015",207,106,9,51,16,25,NA,NA,NA,NA
"614","NUTRICAO_RP","SISU2016",270,119,50,34,24,43,NA,NA,NA,NA
"615","NUTRICAO_RP","SISU2017",230,105,23,45,27,30,NA,NA,NA,NA
"616","NUTRICAO_RP","SISU2018",220,115,23,40,13,22,2,4,1,0
"617","NUTRICAO_RP","SISU2019",144,84,19,17,6,16,1,0,0,1
"618","NUTRICAO_RP","SISU2020",139,72,23,19,6,17,0,1,1,0
"619","NUTRICAO_RP","SISU2021",134,78,18,13,10,12,1,1,0,1
"620","NUTRICAO_RP","SISU2022",160,93,15,21,18,13,0,0,0,0
"621","PEDAGOGIA","SISU2013",437,286,26,52,28,45,NA,NA,NA,NA
"622","PEDAGOGIA","SISU2014",510,268,43,105,40,54,NA,NA,NA,NA
"623","PEDAGOGIA","SISU2015",638,273,79,162,50,74,NA,NA,NA,NA
"624","PEDAGOGIA","SISU2016",662,235,90,195,40,102,NA,NA,NA,NA
"625","PEDAGOGIA","SISU2017",591,210,89,138,66,88,NA,NA,NA,NA
"626","PEDAGOGIA","SISU2018",461,200,52,84,54,55,6,3,3,4
"627","PEDAGOGIA","SISU2019",335,125,32,71,40,59,2,3,2,1
"628","PEDAGOGIA","SISU2020",280,109,47,56,23,42,1,1,0,1
"629","PEDAGOGIA","SISU2021",228,79,33,48,24,42,1,0,0,1
"630","PEDAGOGIA","SISU2022",177,65,27,35,21,27,0,1,0,1
"631","QUIMICA","SISU2013",204,155,9,14,9,17,NA,NA,NA,NA
"632","QUIMICA","SISU2014",186,114,19,26,13,14,NA,NA,NA,NA
"633","QUIMICA","SISU2015",216,105,19,21,25,46,NA,NA,NA,NA
"634","QUIMICA","SISU2016",188,90,17,35,19,27,NA,NA,NA,NA
"635","QUIMICA","SISU2017",202,98,25,27,22,30,NA,NA,NA,NA
"636","QUIMICA","SISU2018",172,69,17,44,17,19,2,1,2,1
"637","QUIMICA","SISU2019",140,66,15,29,13,16,0,0,1,0
"638","QUIMICA","SISU2020",136,64,19,24,10,17,1,0,1,0
"639","QUIMICA","SISU2021",128,56,18,21,12,19,0,1,1,0
"640","QUIMICA","SISU2022",98,50,9,11,12,16,0,0,0,0
"641","QUIMICA_RP","SISU2013",84,64,NA,7,NA,13,NA,NA,NA,NA
"642","QUIMICA_RP","SISU2014",70,49,6,6,4,5,NA,NA,NA,NA
"643","QUIMICA_RP","SISU2015",98,68,6,7,2,15,NA,NA,NA,NA
"644","QUIMICA_RP","SISU2016",103,54,8,19,11,11,NA,NA,NA,NA
"645","QUIMICA_RP","SISU2017",86,45,10,15,6,10,NA,NA,NA,NA
"646","QUIMICA_RP","SISU2018",70,44,4,11,4,5,1,1,0,0
"647","QUIMICA_RP","SISU2019",55,30,6,9,4,6,0,0,0,0
"648","QUIMICA_RP","SISU2020",49,28,4,7,2,7,1,0,0,0
"649","QUIMICA_RP","SISU2021",44,30,3,4,1,6,0,0,0,0
"650","QUIMICA_RP","SISU2022",32,22,3,4,1,2,0,0,0,0
"651","SECRETARIADO_EXECUTIVO_TRILINGUE","SISU2013",136,116,NA,9,NA,11,NA,NA,NA,NA
"652","SECRETARIADO_EXECUTIVO_TRILINGUE","SISU2014",136,83,9,14,9,21,NA,NA,NA,NA
"653","SECRETARIADO_EXECUTIVO_TRILINGUE","SISU2015",178,99,10,42,9,18,NA,NA,NA,NA
"654","SECRETARIADO_EXECUTIVO_TRILINGUE","SISU2016",144,67,15,21,11,30,NA,NA,NA,NA
"655","SECRETARIADO_EXECUTIVO_TRILINGUE","SISU2017",151,54,20,40,11,26,NA,NA,NA,NA
"656","SECRETARIADO_EXECUTIVO_TRILINGUE","SISU2018",137,65,23,14,13,20,0,1,1,0
"657","SECRETARIADO_EXECUTIVO_TRILINGUE","SISU2019",94,48,12,18,3,11,0,1,0,1
"658","SECRETARIADO_EXECUTIVO_TRILINGUE","SISU2020",93,48,9,19,5,10,0,0,2,0
"659","SECRETARIADO_EXECUTIVO_TRILINGUE","SISU2021",92,37,16,21,10,8,0,0,0,0
"660","SECRETARIADO_EXECUTIVO_TRILINGUE","SISU2022",62,31,11,10,3,7,0,0,0,0
"665","SERVICO_SOCIAL","SISU2017",333,142,42,68,26,55,NA,NA,NA,NA
"666","SERVICO_SOCIAL","SISU2018",366,152,27,57,42,76,4,2,5,1
"667","SERVICO_SOCIAL","SISU2019",296,112,41,61,25,53,1,1,1,1
"668","SERVICO_SOCIAL","SISU2020",251,86,41,57,29,31,3,2,1,1
"669","SERVICO_SOCIAL","SISU2021",189,72,23,38,23,29,1,1,1,1
"670","SERVICO_SOCIAL","SISU2022",153,65,19,27,16,24,0,1,1,0
"671","SISTEMAS_DE_INFORMACAO_DIURNO_RP","SISU2013",178,126,3,25,3,21,NA,NA,NA,NA
"672","SISTEMAS_DE_INFORMACAO_DIURNO_RP","SISU2014",174,107,9,24,14,20,NA,NA,NA,NA
"673","SISTEMAS_DE_INFORMACAO_DIURNO_RP","SISU2015",154,86,3,37,15,13,NA,NA,NA,NA
"674","SISTEMAS_DE_INFORMACAO_DIURNO_RP","SISU2016",182,93,23,25,18,23,NA,NA,NA,NA
"675","SISTEMAS_DE_INFORMACAO_DIURNO_RP","SISU2017",179,77,30,36,15,21,NA,NA,NA,NA
"676","SISTEMAS_DE_INFORMACAO_DIURNO_RP","SISU2018",131,82,13,17,8,11,0,0,0,0
"677","SISTEMAS_DE_INFORMACAO_DIURNO_RP","SISU2019",105,57,10,15,10,13,0,0,0,0
"678","SISTEMAS_DE_INFORMACAO_DIURNO_RP","SISU2020",105,55,13,15,10,11,0,0,1,0
"679","SISTEMAS_DE_INFORMACAO_DIURNO_RP","SISU2021",110,63,12,14,13,8,0,0,0,0
"680","SISTEMAS_DE_INFORMACAO_DIURNO_RP","SISU2022",95,51,14,10,10,10,0,0,0,0
"681","SISTEMAS_DE_INFORMACAO_NOTURNO_RP","SISU2013",225,187,3,12,7,16,NA,NA,NA,NA
"682","SISTEMAS_DE_INFORMACAO_NOTURNO_RP","SISU2014",202,137,12,21,17,15,NA,NA,NA,NA
"683","SISTEMAS_DE_INFORMACAO_NOTURNO_RP","SISU2015",215,129,9,47,14,16,NA,NA,NA,NA
"684","SISTEMAS_DE_INFORMACAO_NOTURNO_RP","SISU2016",193,82,24,35,26,26,NA,NA,NA,NA
"685","SISTEMAS_DE_INFORMACAO_NOTURNO_RP","SISU2017",208,96,30,35,20,27,NA,NA,NA,NA
"686","SISTEMAS_DE_INFORMACAO_NOTURNO_RP","SISU2018",167,96,14,22,15,18,0,1,1,0
"687","SISTEMAS_DE_INFORMACAO_NOTURNO_RP","SISU2019",131,80,11,18,6,15,1,0,0,0
"688","SISTEMAS_DE_INFORMACAO_NOTURNO_RP","SISU2020",118,67,13,16,9,13,0,0,0,0
"689","SISTEMAS_DE_INFORMACAO_NOTURNO_RP","SISU2021",108,55,18,11,13,11,0,0,0,0
"690","SISTEMAS_DE_INFORMACAO_NOTURNO_RP","SISU2022",90,48,11,12,7,11,0,0,0,1
"691","ZOOTECNIA","SISU2013",434,330,26,31,17,30,NA,NA,NA,NA
"692","ZOOTECNIA","SISU2014",451,276,49,61,31,34,NA,NA,NA,NA
"693","ZOOTECNIA","SISU2015",589,308,68,85,65,63,NA,NA,NA,NA
"694","ZOOTECNIA","SISU2016",564,275,70,101,65,53,NA,NA,NA,NA
"695","ZOOTECNIA","SISU2017",513,237,64,84,66,62,NA,NA,NA,NA
"696","ZOOTECNIA","SISU2018",479,238,55,71,63,39,2,3,2,6
"697","ZOOTECNIA","SISU2019",285,137,36,40,34,35,1,1,0,1
"698","ZOOTECNIA","SISU2020",313,137,40,60,32,40,1,0,1,2
"699","ZOOTECNIA","SISU2021",292,117,40,52,45,36,0,1,0,1
"700","ZOOTECNIA","SISU2022",235,113,36,31,29,24,1,0,0,1
